Website,Website Category,SimilarWeb Global Rank,Global Monthly Visits,Company Name,Company Country,Company State,Company City,Company Phone,Company Revenue Range,Company Employee Range,Emails,Number Of Emails
teamgantt.com,Computer & Electronics > Software,20291,1728781.295,Team Gantt,,,,,,,support@teamgantt.com,2
dathost.net,Unknown,15414,1346086.615,,,,,,,,info@dathost.net,2
searchenginewatch.com,Internet & Telecom > Online Marketing,47929,1066387.858,"KRISTI HINES Media, L.l.c.",United States,AZ,SCOTTSDALE,,1M - 10M,10-Jan,no_reply@searchenginewatch.com,2
masterorganicchemistry.com,Science > Chemistry,44624,1029128.939,,,,,,,,james@masterorganicchemistry.com,2
ioshacker.com,Unknown,53644,946857.548,,,,,,,,mail@ioshacker.com,2
boostblogtraffic.com,People & Society,54592,879503.3543,"BOOST BLOG Traffic, Inc.",United States,FL,WEST PALM BEACH,,1M - 10M,10-Jan,glen@boostblogtraffic.com,2
waggingtonpost.com,Unknown,69604,603597.2892,,,,,,,,info@waggingtonpost.com,2
hackmytrip.com,Travel > Tourism,69509,577778.3008,,,,,,,,scottrick@hackmytrip.com,2
socialmouths.com,Internet & Telecom > Social Network,81340,539219.386,Social Mouths,United States,CA,Uptown Whittier,,0 - 1M,10-Jan,francisco@socialmouths.com,2
besttechguru.com,Computer & Electronics,74445,495927.0737,,,,,,,,rahuldubey@besttechguru.com,2
linuxnix.com,Computer & Electronics > Software,105775,432755.7432,Persistent Systems Pvt.ltd,,,,,0 - 1M,10-Jan,surendra@linuxnix.com,2
webapplog.com,Arts & Entertainment,109705,415275.2676,,,,,,,,hi@webapplog.com,2
dreamcss.com,Internet & Telecom > Search Engine,66035,355299.9534,,,,,,,,admin@dreamcss.com,2
7activator.com,Unknown,128888,319861.3438,,,,,,,,help@7activator.com,2
vrfocus.com,Unknown,132623,305327.9788,,,,,,,,applications@vrfocus.com,2
vladan.fr,Computer & Electronics > Software,135793,301127.766,,,,,,,,webmaster@mail.vladan.fr,2
prodpad.com,Business & Industry,81307,291681.4891,Prod Pad,United Kingdom,,London,,0 - 1M,10-Jan,hello@prodpad.com,2
localu.org,Career & Education > Education,137507,260978.1462,Localuniv,,,,,,,mblumenthal@localu.org,2
topnonprofits.com,People & Society,154412,256243.6348,Top,,,,,,,support@topnonprofits.com,2
hirewriters.com,Books & Literature,108904,250910.2775,,,,,,,,brandon@hirewriters.com,2
creativeoverflow.net,Internet & Telecom > Web Design,168107,239748.3665,,,,,,,,support@creativeoverflow.net,2
esandra.com,Unknown,154733,232568.1682,,,,,,,,info@esandra.com,2
jennstrends.com,Unknown,173327,229636.0409,,,,,,,,jenn@jennstrends.com,2
rebekahradice.com,Business & Industry > Marketing & Advertising,170088,225861.4828,"REBEKAH Radice, LLC",United States,CA,BURBANK,,,,rebekah@rebekahradice.com,2
newstitchaday.com,Recreation & Hobbies > Crafts,135288,225540.7087,,,,,,,,wholesale@newstitchaday.com,2
basicblogtips.com,Internet & Telecom > Online Marketing,136787,203960.0883,,,,,,,,ileane@basicblogtips.com,2
freedomfastlane.com,Business & Industry,158845,201681.2536,,,,,,,,support@freedomfastlane.com,2
unadocenade.com,People & Society,207530,190949.147,Unadocenade.com,,,,,0 - 1M,10-Jan,esteban@unadocenade.com,2
neurosciencemarketing.com,Business & Industry > Marketing & Advertising,191021,190824.2391,"Neurofocus, Inc.",United States,NY,New York,,1M - 10M,10-Jan,neuro@neurosciencemarketing.com,2
sociallysorted.com.au,People & Society,194164,185411.6406,Socially Sorted,,,,,0 - 1M,10-Jan,donna@sociallysorted.com.au,2
bunbunmakeuptips.com,Beauty & Fitness > Beauty,203799,161045.2085,,,,,,,,juli@bunbunmakeuptips.com,2
andreadekker.com,People & Society,203801,155572.1783,Simple Organized Living,,,,,0 - 1M,10-Jan,andrea@andreadekker.com,2
nicehair.org,Beauty & Fitness > Hair,216735,149413.8806,,,,,,,,support@nicehair.org,2
groovedigitalmarketing.com,Unknown,174396,147095.4084,,,,,,,,trent@groovedigitalmarketing.com,2
psicocode.com,Pets & Animals > Pets,239180,144929.2526,,,,,,,,info@psicocode.com,2
aulacm.com,Career & Education > Education,215238,144185.0488,Aula CM,Spain,Madrid,Madrid,678777012,0 - 1M,10-Jan,accionsocial@aulacm.com,2
artinaid.com,Business & Industry,250071,142000.7906,Artinaid,Mexico,Durango,Durango,,0 - 1M,10-Jan,info@artinaid.com,2
digitalphilippines.net,Unknown,254070,141328.9384,,,,,,,,venchito@digitalphilippines.net,2
krusecontrolinc.com,Business & Industry,238755,140246.0265,Kruse Control Inc.,United States,CA,Newport Beach,,0 - 1M,10-Jan,kathi@krusecontrolinc.com,2
social-hire.com,Business & Industry,241280,139736.2339,Social Hire.com,,,,,0 - 1M,10-Jan,talent@social-hire.com,2
kikolani.com,Internet & Telecom,234010,138291.0877,Kikolani,,,,,0 - 1M,10-Jan,webmaster@kikolani.com,2
marketingandweb.es,Internet & Telecom > Online Marketing,250883,136151.7707,,,,,,,,mflorido@marketingandweb.es,2
authorhreview.com,Books & Literature,131808,134580.3146,,,,,,,,info@authorhreview.com,2
fairerplatform.com,Computer & Electronics,264401,131908.9622,,,,,,,,rocr@fairerplatform.com,2
brandonhilkert.com,Unknown,242838,130737.7734,,,,,,,,hi@brandonhilkert.com,2
carlaaston.com,Arts & Entertainment,267864,130661.1427,,,,,,,,carla@carlaaston.com,2
softkenya.com,Arts & Entertainment,231664,130033.3969,Softkenya.com,Kenya,,Nairobi,,0 - 1M,10-Jan,info@softkenya.com,2
joel.is,Arts & Entertainment,293886,124393.8601,,,,,,,,me@joel.is,2
luismaram.com,Business & Industry > Marketing & Advertising,271896,123679.2142,"Luis Maram Consultor’a En Dise–o, Marketing Y Publicidad",,,,,,,luis@luismaram.com,2
youbrandinc.com,Business & Industry > Marketing & Advertising,239678,120058.3996,You Brand,United States,,Eagan,,0 - 1M,10-Jan,scott@youbrandinc.com,2
selfmadebusinessman.com,Unknown,258559,115537.1567,,,,,,,,hotmoney@selfmadebusinessman.com,2
modvive.com,Unknown,286396,115111.348,,,,,,,,letters2leah@modvive.com,2
finanzasdigital.com,Internet & Telecom,284282,111234.1006,,,,,,,,info@finanzasdigital.com,2
buzzblogger.com,Internet & Telecom > Online Marketing,239411,110821.1015,,,,,,,,kim@buzzblogger.com,2
mainstreetroi.com,Business & Industry,252040,109371.0781,Main Street ROI,United States,NY,New York,646-470-3753,0 - 1M,10-Jan,support@mainstreetroi.com,2
globalgrasshopper.com,Travel > Tourism,257751,108933.3967,Global Grasshopper,United Kingdom,,Shepperton,,0 - 1M,10-Jan,lee@globalgrasshopper.com,2
peadig.com,People & Society,250744,102003.1921,Peadig,United Kingdom,,Manchester,,0 - 1M,10-Jan,info@peadig.com,2
askaaronlee.com,Arts & Entertainment > Photography,354752,97618.67783,Ask Aaron Lee,,,,,0 - 1M,10-Jan,hi@askaaronlee.com,2
digitbrunch.com,Unknown,346781,97420.85768,,,,,,,,admin@digitbrunch.com,2
gmdietworks.com,Beauty & Fitness > Weight Loss,255092,97193.10843,,,,,,,,info@gmdietworks.com,2
arena-multimedia.com,Arts & Entertainment > Animation & Comics,284808,95445.17431,,,,,,,,info@arena-multimedia.com,2
letslassothemoon.com,Shopping,362959,94437.76277,Let's Lasso The Moon,,,,,0 - 1M,10-Jan,zina@letslassothemoon.com,2
creativedev.in,Computer & Electronics > Programming,360755,93438.56099,,,,,,,,info@creativedev.in,2
numrush.nl,Business & Industry,224474,93191.72716,,,,,,,,tips@numrush.nl,2
dsstyles.com,Internet & Telecom > Telecommunications,223710,92928.86105,D Sstyles Limited,Hong Kong,,Cheung Sha Wan,85223101063,1M - 10M,Oct-50,product_review@dsstyles.com,2
grupopedia.com,News & Media > Technology News,343208,91405.29377,Grupopedia,Chile,RM,Santiago,5622152909,1M - 10M,Oct-50,info@grupopedia.com,2
igamemom.com,Games,326846,90684.95308,,,,,,,,contact@igamemom.com,2
feldmancreative.com,Internet & Telecom > Online Marketing,317634,90230.1645,Feldman Creative,United States,CA,Folsom,(916) 984-9988,0 - 1M,10-Jan,barry@feldmancreative.com,2
letstalkpayments.com,Unknown,365506,89437.84394,Lets Talk Payments,United States,NC,Charlotte,,0 - 1M,10-Jan,follow@letstalkpayments.com,2
web3mantra.com,Internet & Telecom > Search Engine,384268,89030.67005,,,,,,,,muddasir@web3mantra.com,2
smallbusinessideasblog.com,Business & Industry,377571,85388.5108,,,,,,,,info@smallbusinessideasblog.com,2
propertymetrics.com,Unknown,347288,84251.19419,RENTMULTIPLIER CORPORATION,United States,CA,FAIR OAKS,,0 - 1M,10-Jan,support@propertymetrics.com,2
giovannicappellotto.it,Internet & Telecom > Online Marketing,394809,83564.65879,Giocappellotto,,,,,,,giovanni@giovannicappellotto.it,2
analytics.totems.co,Unknown,0,81303.60747,Nitrogram,,,,,0 - 1M,10-Jan,boom@nitrogr.am,2
linkedselling.com,Business & Industry > Marketing & Advertising,377362,81221.03076,Linked Selling,United States,MO,St. Louis,,0 - 1M,10-Jan,joshturner@linkedselling.com,2
escapeintolife.com,Books & Literature,361183,78979.58926,Escape Into Life,,,,773-818-8828,0 - 1M,10-Jan,escapeintolife@yahoo.com,2
theglamandglitter.com,Business & Industry,306490,77984.19751,,,,,,,,tamara@theglamandglitter.com,2
newgrids.fr,Business & Industry > Marketing & Advertising,325171,75792.23596,,,,,,,,hello@newgrids.fr,2
harianterbit.com,News & Media,408084,74155.94224,,,,,,,,terbit@harianterbit.com,2
biblicalstudies.org.uk,People & Society > Religion & Spirituality,422380,73793.0904,,,,,,,,rob@biblicalstudies.org.uk,2
kristihines.com,Internet & Telecom,313484,69509.71989,Kristi Hines Media LLC,,,,,0 - 1M,10-Jan,info@kristihines.com,2
digitalmarketingphilippines.com,Unknown,472191,69183.6351,Digital Marketing Philippines,Philippines,,Makati,(+63) 949-420-3176,0 - 1M,10-Jan,info@digitalmarketingphilippines.com,2
socialmediasatisfied.com,Unknown,332064,69171.20863,,,,,,,,lisa@socialmediasatisfied.com,2
meupinguim.com,Computer & Electronics > Software,452728,68740.70798,,,,,,,,meupinguim@meupinguim.com,2
swizec.com,People & Society,438113,66220.4367,,,,,,,,swizec@swizec.com,2
webodyboard.com,Arts & Entertainment,375840,62435.20583,,,,,,,,info@webodyboard.com,2
uscollegesearch.org,Career & Education,430341,62155.85529,US College Search,United States,CA,SACRAMENTO,,,,info@uscollegesearch.org,2
jimsmarketingblog.com,Business & Industry > Marketing & Advertising,457823,61063.85947,,,,,,,,jim@jimsmarketingblog.com,2
gurteen.com,Adult,505493,59955.94143,Gurteen Knowledge,United Kingdom,Hampshire,Fleet,,0 - 1M,10-Jan,david.gurteen@gurteen.com,2
stanandstacy.com,Business & Industry,305150,59701.33749,Stan & Stacy,Netherlands,,Amsterdam,+31 20 22 392 33,0 - 1M,10-Jan,contact@stanandstacy.com,2
heyshenee.com,Business & Industry > Marketing & Advertising,357550,59202.55585,"HEY Shenee, LLC",United States,GA,Grayson,,,,oh@heyshenee.com,2
zubit.com.br,Business & Industry,286248,58014.04712,Zubit,Brazil,SP,So Paulo,3003-0514,0 - 1M,10-Jan,contato@zubit.com.br,2
hackmyandroid.com,Computer & Electronics,490480,57249.79673,Hack My Android,,,,-7760659488,0 - 1M,10-Jan,admin@hackmyandroid.com,2
helpconsumatori.it,Business & Industry,386173,56471.19199,Consumedia/help Consumatori,Italy,Italia,Roma,,0 - 1M,10-Jan,redazione@helpconsumatori.it,2
candidio.com,Business & Industry > Business Services,396754,55680.51431,,,,,,,,support@candidio.com,2
smartupmarketing.com,Business & Industry > Marketing & Advertising,543097,55390.06221,,,,,,,,andrea@smartupmarketing.com,2
planeatusfinanzas.com,News & Media,436992,55292.11451,Planea Tus Finanzas.com,,,,,0 - 1M,10-Jan,contacto@planeatusfinanzas.com,2
selfpublishingteam.com,Business & Industry > Publishing & Printing,374034,55221.48965,"DUOLIT Publishing, LLC",United States,FL,St. AUGUSTINE,,,,team@selfpublishingteam.com,2
stu.me,Business & Industry,569334,54175.94421,,,,,,,,support@stu.me,2
chatdd.com,Internet & Telecom,382350,53794.79406,,,,,,,,dhl.courier@chatdd.com,2
theiflife.com,Health,570748,53437.04724,The IF Life,,,,,,,mike@theiflife.com,2
leggetter.co.uk,Computer & Electronics > Software,538074,53339.85401,,,,,,,,phil@leggetter.co.uk,2
beinweb.fr,Unknown,356945,53088.37239,Bein Web,France,,Paris,,0 - 1M,10-Jan,avillelongue@beinweb.fr,2
discoveringkorea.com,Travel > Tourism,552038,52797.93337,,,,,,,,matt@discoveringkorea.com,2
communitymanagerfreelance.it,Unknown,488328,51822.03509,,,,,,,,info@communitymanagerfreelance.it,2
falaglorioso.com.br,Unknown,541933,51373.49191,,,,,,,,vai@falaglorioso.com.br,2
johnsansom.com,Computer & Electronics > Software,426334,50367.84834,,,,,,,,john@johnsansom.com,2
loriballen.com,Business & Industry,533379,49920.47746,,,,,,,,lori@loriballen.com,2
systemsrock.com,Business & Industry,519156,49632.52764,,,,,,,,systems@systemsrock.com,2
skipprichard.com,Arts & Entertainment,602299,48740.91789,,,,,,,,admin@skipprichard.com,2
pharmaguideline.com,Business & Industry,449315,48525.1802,Pharmaceutical Guidelines,,,,,0 - 1M,10-Jan,info@pharmaguideline.com,2
youngfinances.com,Unknown,567695,47926.17615,"FINANCIAL SUCCESS Media, LLC",United States,GA,Atlanta,,0 - 1M,10-Jan,latisha@youngfinances.com,2
drewsanocki.com,People & Society > Religion & Spirituality,580738,47896.68221,,,,,,,,drew@drewsanocki.com,2
thedmonline.com,Career & Education > Universities & Colleges,556126,47755.42712,"DM Online, LLC",United States,MS,University,,10M - 50M,50 - 200,editor@thedmonline.com,2
360connext.com,Business & Industry,436519,47402.03166,360 Connext,United States,IL,Oak Park,(312) 676-1315,0 - 1M,10-Jan,jeannie@360connext.com,2
angelamaiers.com,Career & Education > Education,581099,47327.40527,Maiers Educational Services,,,,,0 - 1M,10-Jan,angela@angelamaiers.com,2
nationalterroralert.com,Law & Government > Government,574883,47178.12131,,,,,,,,newsalerts@nationalterroralert.com,2
xenappblog.com,Computer & Electronics > Software,523436,46888.90146,,,,,,,,eric@xenappblog.com,2
girlgonemom.com,Arts & Entertainment,486419,46844.36172,,,,,,,,editor@girlgonemom.com,2
rebeccacoleman.ca,Business & Industry > Marketing & Advertising,493566,46832.86507,"Rebecca Coleman, Marketing And Media Relations",,,,,0 - 1M,10-Jan,rebecca@rebeccacoleman.ca,2
johnpaulaguiar.com,People & Society,544820,46804.86675,,,,,,,,johnpaul@johnpaulaguiar.com,2
beabetterblogger.com,Internet & Telecom,526228,46623.62768,,,,,,,,kevin@beabetterblogger.com,2
gloholiday.com,Travel,573583,46601.49496,Gloholiday.com,,,,,0 - 1M,10-Jan,info@gloholiday.com,2
ycuniverse.com,Arts & Entertainment,569027,46599.40423,YC Universe,,,,,1M - 10M,10-Jan,tips@ycuniverse.com,2
communicateskills.com,Business & Industry > Marketing & Advertising,555005,46558.88064,,,,,,,,anna@communicateskills.com,2
opengraphicdesign.com,Internet & Telecom > Web Design,580524,45625.53404,,,,,,,,henry@opengraphicdesign.com,2
blogmost.com,People & Society,663663,45060.01864,,,,,,,,seoteam@blogmost.com,2
ecointeligencia.com,People & Society,587062,44719.04399,Ecointeligencia,Spain,,Murcia,,0 - 1M,10-Jan,sugerencias@ecointeligencia.com,2
midasmedia.co.uk,Unknown,496556,44626.43594,Midas Media,United Kingdom,Leics,Melton Mowbray,4.41665E+11,0 - 1M,10-Jan,info@midasmedia.co.uk,2
itslife.in,People & Society,497159,44476.37786,,,,,,,,itslife@itslife.in,2
higheredexperts.com,Career & Education > Education,509608,43644.68802,Higher Ed Experts,Canada,,Montreal,,0 - 1M,10-Jan,karine@higheredexperts.com,2
brainzooming.com,Business & Industry > Marketing & Advertising,608438,43174.65492,Brainzooming,United States,KS,Prairie Village,,0 - 1M,10-Jan,info@brainzooming.com,2
green-talk.com,Arts & Entertainment > Music & Audio,499683,43081.19887,Greentalk,,,,,,,info@green-talk.com,2
chethstudios.net,Internet & Telecom,677676,42528.73952,,,,,,,,admin@chethstudios.net,2
suskunmedya.com,Unknown,537418,42380.34369,,,,,,,,info@suskunmedya.com,2
telecomvibe.com,Internet & Telecom > Telecommunications,697331,41592.79637,,,,,,,,feedback@telecomvibe.com,2
startgainingmomentum.com,Unknown,550022,41425.75329,,,,,,,,ludvig@startgainingmomentum.com,2
sdwhaven.com,Arts & Entertainment > Visual Arts & Design,594187,41297.26148,,,,,,,,stacywallingford@sdwhaven.com,2
blog.deliverability.com,Unknown,0,41086.99077,Cloud SMTP,United States,TX,Austin,,,,contact@cloudsmtp.com,2
tag911.ae,Unknown,481433,40815.31674,,,,,,,,info@tag911.ae,2
enoriente.com,Travel > Tourism,630250,40560.3595,,,,,,,,prensa@enoriente.com,2
theforeigner.no,News & Media,700286,39697.81783,,,,,,,,info@theforeigner.no,2
tentiltwo.com,Business & Industry,579857,39251.70955,10 Til 2,United States,CO,Aurora,,1M - 10M,Oct-50,cincystaffing@tentiltwo.com,2
theuksportsnetwork.com,News & Media,705553,38710.72226,UK Sports Network,United Kingdom,,London,,0 - 1M,10-Jan,daniel@theuksportsnetwork.com,2
moneydiver.com,Career & Education > Education,734475,38708.46028,,,,,,,,borja@moneydiver.com,2
branddrivendigital.com,Business & Industry > Marketing & Advertising,764978,38213.14833,Brand Driven Digital,United States,IA,Coralville,319-325-0921,0 - 1M,10-Jan,info@branddrivendigital.com,2
asmithblog.com,People & Society,627575,38199.50914,,,,,,,,adam@asmithblog.com,2
hyken.com,Business & Industry,643513,37336.19189,Hyken,,,,,,,shep@hyken.com,2
colegialasexis.com,Unknown,442278,37230.06064,,,,,,,,info@colegialasexis.com,2
seattlestravels.com,Travel > Tourism,625039,37164.55218,Seattle's Travels,Canada,Ontario,Toronto,,0 - 1M,10-Jan,seattle@seattlestravels.com,2
curationtraffic.com,Business & Industry > Transportation & Logistics,630637,37091.27433,Curation Traffic Content Curation,,,,,1M - 10M,10-Jan,support@curationtraffic.com,2
neilvermillion.com,Arts & Entertainment > Music & Audio,693205,36842.7903,,,,,,,,email@neilvermillion.com,2
michaelqtodd.com,Internet & Telecom > Social Network,641313,36731.79314,,,,,,,,info@michaelqtodd.com,2
socialstrand.com,Internet & Telecom > Online Marketing,767478,36694.73784,Social Strand Media,,,,,0 - 1M,10-Jan,info@socialstrand.com,2
mashupciti.com,Arts & Entertainment > Music & Audio,541126,36500.24169,Mashup Citi,,,,403-993-1577,0 - 1M,10-Jan,mashupciti@gmail.com,2
mynotetakingnerd.com,Internet & Telecom > Online Marketing,543703,36463.64025,,,,,,,,lalanne@mynotetakingnerd.com,2
asthebunnyhops.com,Shopping,775653,36241.73582,,,,,,,,amy@asthebunnyhops.com,2
simplicitysmallbiz.com,Unknown,519114,35811.42939,Simplicity Small Business Solutions,Switzerland,,Denges,,0 - 1M,10-Jan,sarah@simplicitysmallbiz.com,2
selfstairway.com,Unknown,688732,35755.56369,Self Stairway,,,,,,,vincentnguyen@selfstairway.com,2
selfemployedking.com,Unknown,743061,35673.0614,Self Employed King,United States,NJ,Cedar Run,,0 - 1M,10-Jan,mike@selfemployedking.com,2
startup4me.com,Career & Education > Jobs & Employment,450590,35558.77986,Startup 4 Me,France,,Paris,,0 - 1M,10-Jan,hi@startup4me.com,2
slicingpie.com,Unknown,599262,35477.33865,"Founder's Equity, LLC",United States,FL,NAPLES,,1M - 10M,10-Jan,mike@slicingpie.com,2
javiermanzaneque.com,Unknown,686325,35287.19428,Marca Personal En Video,,,,,0 - 1M,10-Jan,info@javiermanzaneque.com,2
siempreconalgoenlacabeza.com,Business & Industry,681916,35058.74461,,,,,,,,javier@siempreconalgoenlacabeza.com,2
ngsmarketing.com,Internet & Telecom > Online Marketing,825533,34732.80886,NGS Marketing,Malaysia,Johor,Johor Bahru,,0 - 1M,10-Jan,info@ngsmarketing.com,2
resource-guru.com,Unknown,779722,34541.70703,,,,,,,,social@resource-guru.com,2
solopreneurhour.com,Unknown,603670,34368.90713,,,,,,,,michael@solopreneurhour.com,2
1001roteirinhos.com.br,Business & Industry,720775,34305.30893,,,,,,,,contato@1001roteirinhos.com.br,2
virtualsocialmedia.com,Internet & Telecom > Online Marketing,736653,34189.4381,Online Reputation Management Services,India,Tamil Nadu,Chennai,,> 1B,"> 10,000",isaac@virtualsocialmedia.com,2
alfreedownload.com,Unknown,734534,34161.0702,,,,,,,,dmca@alfreedownload.com,2
cadjunkie.com,Computer & Electronics > Software,675387,34139.92913,,,,,,,,sales@cadjunkie.com,2
mon-couple-heureux.com,People & Society,803889,33453.22495,,,,,,,,sav@mon-couple-heureux.com,2
tulisbaca.com,Unknown,779794,33339.64714,,,,,,,,admin@tulisbaca.com,2
domesticexecutiveonline.com,Business & Industry,719792,33270.0702,,,,,,,,michelle@domesticexecutiveonline.com,2
mwpdigitalmedia.com,Unknown,801545,32769.79978,,,,,,,,contact@mwpdigitalmedia.com,2
career-pioneers.com,Career & Education > Jobs & Employment,591983,32445.21169,,,,,,,,jo@career-pioneers.com,2
etopical.com,Unknown,860049,32277.2467,,,,,,,,admin@etopical.com,2
onlinejuegosgratis.net,Internet & Telecom,870060,32036.56199,,,,,,,,contacto@onlinejuegosgratis.net,2
dressmyphone.in,Unknown,679602,31910.17781,Dressmyphone,India,Madhya Pradesh,Indore,91-731-2530620,0 - 1M,10-Jan,yuvraj@dressmyphone.in,2
silviubacky.com,People & Society > Religion & Spirituality,731945,31712.46285,,,,,,,,contact@silviubacky.com,2
commsaxis.com,Unknown,827255,31677.73859,,,,,,,,enquiries@commsaxis.com,2
juststopscreaming.com,People & Society,623020,31073.00611,A Daily Dose Of Toni,United States,FL,Navarre,,0 - 1M,10-Jan,toni@juststopscreaming.com,2
ekaterinawalter.com,Internet & Telecom > Online Marketing,873100,30964.82108,,,,,,,,connect@ekaterinawalter.com,2
primapaginadiyvs.it,Unknown,747792,30877.46657,,,,,,,,info@primapaginadiyvs.it,2
ericabuteau.com,Unknown,528910,30401.89485,Erica R. Buteau,,,,,0 - 1M,10-Jan,erica@ericabuteau.com,2
dollyjessy.com,Unknown,725772,30343.8344,,,,,,,,contact@dollyjessy.com,2
boom-online.co.uk,Internet & Telecom > Online Marketing,635694,30283.09108,Boom Online Marketing,United Kingdom,Nottinghamshire,Stapleford,0845 474 0974,1M - 10M,Oct-50,robert@boom-online.co.uk,2
mathsinsider.com,Science > Math,901618,29938.43512,,,,,,,,caroline@mathsinsider.com,2
convalores.com,People & Society,878579,29769.45722,,,,,,,,info@convalores.com,2
minhacasadecorada.blog.br,Unknown,822588,29058.0643,,,,,,,,mario@minhacasadecorada.blog.br,2
naturalneoczyszczanie.pl,Health,904467,28822.29418,,,,,,,,kontakt@naturalneoczyszczanie.pl,2
wintechmobiles.com,Shopping > Consumer Electronics,646304,28605.3598,,,,,,,,sales@wintechmobiles.com,2
nganson.com,Internet & Telecom,814999,28379.54749,,,,,,,,support@nganson.com,2
topnotchteaching.com,Career & Education > Education,892721,28329.59034,,,,,,,,melinda@topnotchteaching.com,2
computerworld.in.th,Computer & Electronics > Software,919426,28141.48358,,,,,,,,webmaster@computerworld.in.th,2
embarke.com,Unknown,351801,28117.14047,Embarke,United States,CA,San Diego,,0 - 1M,10-Jan,shawn@embarke.com,2
powerofsoul.com,People & Society > Religion & Spirituality,891819,27801.66476,,,,,,,,admin@powerofsoul.com,2
icareifyoulisten.com,Arts & Entertainment > Music & Audio,814299,27424.17242,I CARE IF YOU LISTEN,,,,,1M - 10M,Oct-50,hello@icareifyoulisten.com,2
gymfoodie.com,Unknown,685876,27277.85537,,,,,,,,info@gymfoodie.com,2
subbly.co,Unknown,664827,27252.96012,Subbly,,,,,0 - 1M,10-Jan,subbly@prettyklicks.com,2
roselawgroupreporter.com,News & Media,854749,27225.92902,,,,,,,,mjohnson@roselawgroupreporter.com,2
vrachvdome.ru,Unknown,990990,26899.53874,,,,,,,,info@vrachvdome.ru,2
cashdrawer.com,Business & Industry,699386,26718.13072,APG Cash Drawer,United States,MN,Minneapolis,(763) 571-5000,10M - 50M,50 - 200,apginfo@apgcd.com,2
fatal1ty.com,Games > Video Games,858985,26543.08584,,,,,,,,info@fatal1ty.com,2
columnazero.com,Arts & Entertainment,965654,26431.61751,,,,,,,,info@columnazero.com,2
klientboost.com,Unknown,1051862,26211.7156,Klient Boost,United States,CA,Huntington Beach,,0 - 1M,10-Jan,hello@klientboost.com,2
brideside.com,Shopping > Weddings,453280,25830.48397,Brideside,United States,IL,Chicago,773-234-7187,0 - 1M,10-Jan,stylist@brideside.com,2
skate4.net,Unknown,902873,25279.66839,,,,,,,,info@skate4.net,2
likelihoodofconfusion.com,Law & Government > Law,1089752,25110.56889,LIKELIHOOD OF CONFUSION Blog,,,,,1M - 10M,Oct-50,ron@likelihoodofconfusion.com,2
tacticalprojectmanagement.com,Computer & Electronics > Software,945123,25058.47183,,,,,,,,andy@tacticalprojectmanagement.com,2
swaggamusic.net,Arts & Entertainment > Music & Audio,1004375,24872.11656,Swagga Music,Spain,,Madrid,,0 - 1M,10-Jan,redaccion@swaggamusic.net,2
cleanfoodcrush.com,Unknown,706058,24735.54889,,,,,,,,info@cleanfoodcrush.com,2
graphicdesignertips.com,Internet & Telecom > Web Design,947644,24000.6365,,,,,,,,help@graphicdesignertips.com,2
generationy.com,Business & Industry,1043492,23945.92827,,,,,,,,ryan@generationy.com,2
staph-infection-resources.com,Health,864865,23889.73623,Staph Infection Resources,,,,,0 - 1M,10-Jan,ordersupport@staph-infection-resources.com,2
electrictobacconist.co.uk,Unknown,645632,23883.08778,Electric Tobacconist,,,,,1M - 10M,10-Jan,help@electrictobacconist.co.uk,2
samhoustonfortexas.com,Unknown,696936,23795.07626,,,,,,,,info@samhoustonfortexas.com,2
eface.in,Arts & Entertainment,1015250,23779.69619,,,,,,,,webmaster@keralawomens.eface.in,2
agentsboost.com,Business & Industry > Real Estate,1022662,23672.08364,,,,,,,,bonus@agentsboost.com,2
allxnet.com,People & Society,1015296,23661.98143,,,,,,,,allxnet@allxnet.com,2
dawnbarclay.com,People & Society,1045610,23555.11428,Dawn Barclay,,,,,1M - 10M,Oct-50,dawn@dawnbarclay.com,2
superbike.co.uk,Autos & Vehicles > Motorcycles,997767,23519.80951,,,,,,,,huw.williams@superbike.co.uk,2
techzane.com,Unknown,994456,23498.10445,,,,,,,,yash@techzane.com,2
live4liverpool.com,Sports > Soccer,911323,23315.78219,,,,,,,,editor@live4liverpool.com,2
laughteryogaamerica.com,People & Society > Religion & Spirituality,1082738,23257.55082,,,,,,,,laugh@laughteryogaamerica.com,2
it-engelhardt.de,Internet & Telecom > Online Marketing,890439,23235.87937,,,,,,,,info@it-engelhardt.de,2
caseescape.com,Unknown,763909,23216.59524,Case Escape,United States,CA,Newport Beach,559.707.3950,0 - 1M,10-Jan,orders@caseescape.com,2
brandchats.com,Business & Industry > Marketing & Advertising,366235,23162.64205,Brandchats,Spain,Catalua,Terrassa,937 85 69 67,1M - 10M,Oct-50,tinval@brandchats.com,2
ginastorr.com,Business & Industry,763811,23084.56008,Gina Storr,,,,,0 - 1M,10-Jan,gina@ginastorr.com,2
makewebworld.com,Internet & Telecom,1188657,22822.152,,,,,,,,admin_makewebworld@makewebworld.com,2
memarketingservices.com,Business & Industry > Marketing & Advertising,852296,22742.41782,"ME Marketing Services, LLC",United States,GA,Statesboro,,0 - 1M,10-Jan,askmandy@memarketingservices.com,2
gazebosaustralia.com.au,Business & Industry,621885,22632.28634,,,,,,,,help@gazebosaustralia.com.au,2
dxcoffee.com,Arts & Entertainment > Music & Audio,1062073,22540.26852,,,,,,,,info@dxcoffee.com,2
cdormarcosfelice.com.ar,Unknown,952911,22522.78138,,,,,,,,contacto@cdormarcosfelice.com.ar,2
bernsteincrisismanagement.com,People & Society,963043,22434.90021,"Bernstein Crisis Management, Inc.",United States,CA,Sierra Madre,626-825-3838,0 - 1M,10-Jan,jonathan@bernsteincrisismanagement.com,2
healthlifeandstuff.com,Health > Mental Health,1144242,22241.17978,,,,,,,,support@healthlifeandstuff.com,2
theothersideofthetortilla.com,Food & Drink > Cooking & Recipes,858875,22219.32031,The Other Side Of The Tortilla,,,,,1M - 10M,Oct-50,maura@theothersideofthetortilla.com,2
briancollinson.ca,Health > Mental Health,645320,22205.14826,,,,,,,,brian@briancollinson.ca,2
matchist.com,Sports > Soccer,788698,22086.57146,Matchist,United States,IL,Chicago,,0 - 1M,10-Jan,founders@matchist.com,2
celebrityhairstylez.com,Unknown,1188059,22080.63599,,,,,,,,webmaster@celebrityhairstylez.com,2
beyondthetodolist.com,Computer & Electronics > Software,1136834,22049.29347,,,,,,,,feedback@beyondthetodolist.com,2
nogym.net,Beauty & Fitness > Fitness,971762,21732.76145,,,,,,,,christopher@nogym.net,2
webrunnermedia.com,Internet & Telecom,1116725,21676.31795,Webrunner Media Group,Canada,QC,Kirkland,,0 - 1M,10-Jan,cleclerc@webrunnermedia.com,2
94xrocks.com,Arts & Entertainment > Music & Audio,1120545,21497.19711,,,,,,,,94x@94xrocks.com,2
indigowebstudio.nl,Internet & Telecom,1039329,21269.92346,Indigo Webstudio,Netherlands,,Den Haag,704279292,0 - 1M,10-Jan,info@indigowebstudio.nl,2
designresumes.com,Career & Education > Jobs & Employment,1098271,21057.56401,Design Resumes,United States,WI,Wausau,(715) 574-5263,0 - 1M,10-Jan,juliewalraven@designresumes.com,2
musicaparatodos.com,Arts & Entertainment > Music & Audio,1005463,20981.71344,Musica Para Todos,,,,,0 - 1M,10-Jan,info@musicaparatodos.com,2
divante.co,Unknown,1024776,20489.71997,Divante,Poland,,Wrocaw,+ 48 727 400 789,10M - 50M,50 - 200,sales@divante.co,2
kefaloniatoday.com,Arts & Entertainment,1225714,20244.89616,,,,,,,,info@kefaloniatoday.com,2
couplesinstitute.com,Health > Mental Health,1179338,20099.01748,"THE COUPLES INSTITUTE A PSYCHOLOGICAL Clinic, PC",United States,CA,Menlo Park,,1M - 10M,Oct-50,michelle@couplesinstitute.com,2
avowzone.com,Unknown,1257285,20032.77989,,,,,,,,admin@avowzone.com,2
digibuzzme.com,Arts & Entertainment,1230164,20019.47037,Digibuzzme.com,Egypt,,Cairo,,0 - 1M,10-Jan,info@digibuzzme.com,2
talkcraftytome.com,Shopping > Home & Garden,1093437,20001.19481,,,,,,,,kelly@talkcraftytome.com,2
overyonderlust.com,Travel > Tourism,1011777,19963.82511,Over Yonderlust,,,,,0 - 1M,10-Jan,erica@overyonderlust.com,2
strategiesonline.net,Food & Drink,965007,19761.9818,,,,,,,,info@strategiesonline.net,2
davidsantistevan.com,People & Society > Religion & Spirituality,1218920,19581.84596,,,,,,,,me@davidsantistevan.com,2
lawebdeltenis.net,Sports > Tennis,698965,19512.78232,,,,,,,,contacto@lawebdeltenis.net,2
healthysimplelife.com,Health,873780,19407.69204,Healthy Simp Life,,,,,1M - 10M,Oct-50,info@healthysimplelife.com,2
maidsailors.com,Unknown,862722,19327.57009,,,,,,,,team@maidsailors.com,2
singaporefoodie.com,Unknown,1218935,19187.34288,,,,,,,,victoria@singaporefoodie.com,2
mag4all.com,Arts & Entertainment,1247037,19136.22808,,,,,,,,support@mag4all.com,2
photographywebmarketing.com,Business & Industry > Marketing & Advertising,1251982,19072.15527,Photography Web Marketing,,,,,0 - 1M,10-Jan,natalie@photographywebmarketing.com,2
desamark.com,Unknown,771105,19068.15883,,,,,,,,postmaster@vicenmartinez.desamark.com,2
jensmithsocialmedia.co.uk,Unknown,920495,19026.13127,Jen Smith Social Media,United Kingdom,West Sussex,Midhurst,,0 - 1M,10-Jan,jen@jensmithsocialmedia.co.uk,2
liveenergized.com,Unknown,587156,19004.52142,,,,,,,,ross@liveenergized.com,2
deals4dummies.com,Shopping > Coupons,940296,18822.55723,,,,,,,,jeana@deals4dummies.com,2
mobiography.net,Unknown,1265384,18764.80624,,,,,,,,andy@mobiography.net,2
motherandcare.in.th,Home & Garden > Nursery & Playroom,1317116,18712.38244,,,,,,,,editor@motherandcare.in.th,2
mcmlxv65.com,Unknown,951819,18657.37245,,,,,,,,info@mcmlxv65.com,2
wiluve.com,Unknown,984340,18591.71923,,,,,,,,hola@wiluve.com,2
web-pepper.com,Arts & Entertainment,1342907,18587.0464,,,,,,,,info@web-pepper.com,2
revivenations.org,Unknown,1277450,18391.8273,Revive Nations,,,,,1M - 10M,Oct-50,mail@revivenations.org,2
getmustr.com,Unknown,1132160,18378.99442,,,,,,,,support@getmustr.com,2
entrepreneurshiplife.com,Business & Industry,1207153,18346.65662,,,,,,,,mohit@entrepreneurshiplife.com,2
richhabits.net,Finance > Financial Management,854736,18258.00931,RICHHABITS,,,,,,,tom@richhabits.net,2
slashcoding.com,Unknown,1126473,18236.35105,,,,,,,,admin@slashcoding.com,2
mymelange.net,Travel > Tourism,1240517,18188.03287,,,,,,,,robin@mymelange.net,2
mycmgr.com,Games > Video Games,1210235,18149.44653,My Community Manager (my Cmgr.com),United States,NY,New York,,0 - 1M,10-Jan,sherrie@mycmgr.com,2
johnmichaelmorgan.com,Adult,1090379,18080.45598,,,,,,,,john@johnmichaelmorgan.com,2
squareflair.com,Business & Industry > Marketing & Advertising,1090947,17859.25893,,,,,,,,hello@squareflair.com,2
listers.in,Unknown,1334731,17559.53974,,,,,,,,admin@listers.in,2
howtoexcelatexcel.com,Computer & Electronics > Software,1309875,17431.9487,,,,,,,,barbara@howtoexcelatexcel.com,2
wheretowillie.com,Travel,1351297,17414.51541,,,,,,,,william@wheretowillie.com,2
ezelia.com,Unknown,1278220,17398.46554,,,,,,,,contact@ezelia.com,2
crowdacy.com,Unknown,1349225,17376.20751,Crowdacy,Spain,Barcelona,Barcelona,,0 - 1M,10-Jan,hola@crowdacy.com,2
cursivecontent.com,Unknown,1427615,17370.35768,Cursive Content Marketing,United States,CT,North Haven,203.903.2552,0 - 1M,10-Jan,emily@cursivecontent.com,2
zalacliphairextensions.com.au,Unknown,768426,17301.14327,,,,,,,,support@zalacliphairextensions.com.au,2
demirayak.org,People & Society,1368237,17251.53735,,,,,,,,ismailemrah@demirayak.org,2
musicaloco.com,Unknown,1135218,17140.5755,,,,,,,,info@musicaloco.com,2
webuildyourblog.com,Internet & Telecom,1210278,17102.31571,CEO Of We Build Your Blog.com,United Kingdom,Sussex,Worthing,,0 - 1M,10-Jan,andrew@webuildyourblog.com,2
affkit.com,Unknown,1044182,17102.06663,,,,,,,,admin@affkit.com,2
underu.com,Shopping > Clothing,756188,16953.16532,Under U,,,,,1M - 10M,Oct-50,customerservices@underu.com,2
coldad.com,People & Society,1293285,16888.3052,Cold Ad,Canada,Ontario,Toronto,416. 704. 2233,0 - 1M,10-Jan,support@coldad.com,2
joolk.com,Unknown,1569584,16743.71335,,,,,,,,admin@joolk.com,2
blog.lagentz.com,Unknown,0,16702.95303,La Gentz,Austria,,Vienna,+43 720 734 249,0 - 1M,10-Jan,office@lagentz.at,2
slimpickinskitchen.com,Food & Drink,1522564,16472.02898,,,,,,,,amber@slimpickinskitchen.com,2
cindyking.biz,Business & Industry,1275399,16387.34236,,,,,,,,cindy@cindyking.biz,2
corretordestaque.com.br,Unknown,1104302,16323.78434,,,,,,,,contato@corretordestaque.com.br,2
techiegem.com,Unknown,1589286,16303.98982,,,,,,,,surya@techiegem.com,2
beriodismo.net,Unknown,1432024,16243.52353,,,,,,,,hola@beriodismo.net,2
cordica.com,Sports > Soccer,809145,16177.87938,,,,,,,,info@cordica.com,2
savvymantra.com,Unknown,874600,16164.26784,,,,,,,,webmaster@hardwarepocket.savvymantra.com,2
timothybrand.com,Business & Industry > Marketing & Advertising,1054516,16125.27919,,,,,,,,tim@timothybrand.com,2
r-rwebdesign.com,Internet & Telecom > Web Design,1433557,16093.83304,R & R Web Design LLC,,,,,0 - 1M,10-Jan,webmaster@r-rwebdesign.com,2
uncommonchick.com,People & Society,1120246,16086.6568,Uncommon Chick,,,,,0 - 1M,10-Jan,info@uncommonchick.com,2
houseinteriors.org,Unknown,1019948,16086.18237,,,,,,,,contact@houseinteriors.org,2
trekbooking.com,Unknown,851037,16047.88053,Trek Booking.com Ap S,Denmark,,Thisted,,0 - 1M,10-Jan,info@trekbooking.com,2
productivesuperdad.com,Computer & Electronics > Software,1133118,16037.42781,,,,,,,,timo@productivesuperdad.com,2
wide.it,Internet & Telecom > Web Hosting,1482941,16007.04583,,,,,,,,assistaenza@wide.it,2
houseofrokoko.com,Travel > Accommodation & Hotels,785933,15988.12513,House Of Rokoko,United Kingdom,,London,,0 - 1M,10-Jan,info@houseofrokoko.com,2
publicservicebroadcasting.net,News & Media,1019837,15844.00816,,,,,,,,willgoose@publicservicebroadcasting.net,2
pennygolightly.com,People & Society,992006,15833.32638,Www.pennygolightly.com,,,,,0 - 1M,10-Jan,penny@pennygolightly.com,2
i-lift.tv,Business & Industry,1459327,15743.91011,I LIFTTV,Russian Federation,,Moscow,74955856085,0 - 1M,10-Jan,mananas.ru@gmail.com,2
thehighfidelityreport.com,Unknown,1388441,15670.45571,,,,,,,,info@thehighfidelityreport.com,2
mykidsguide.com,Travel > Tourism,1423659,15660.33736,,,,,,,,media@mykidsguide.com,2
beatthe9to5.com,Unknown,1325228,15637.49454,,,,,,,,robert@beatthe9to5.com,2
marketingenredesociales.com,Business & Industry > Marketing & Advertising,1436231,15590.07897,Marketing En Redes Sociales,Argentina,Santa Fe,Rafaela,,0 - 1M,10-Jan,info@marketingenredesociales.com,2
thebacoach.com,Internet & Telecom,854348,15342.56057,The BA Coach Inc.,Canada,Ontario,Toronto,,0 - 1M,10-Jan,info@thebacoach.com,2
kenhduhoc.vn,Arts & Entertainment,1429473,15321.05186,,,,,,,,info@kenhduhoc.vn,2
paulteague.com,Business & Industry,940954,15187.95922,,,,,,,,paul@paulteague.com,2
greenleafloangroup.com,"Finance > Credit, Loans & Mortgages",1216358,15175.38675,,,,,,,,service@greenleafloangroup.com,2
nosinmibarba.com,Unknown,899551,15141.92652,No Sin Mi Barba,Spain,A Corua,A Corua,,0 - 1M,10-Jan,hola@nosinmibarba.com,2
theoccasionaltraveller.com,Travel > Tourism,1459370,15028.56215,,,,,,,,jac@theoccasionaltraveller.com,2
emoretech.com,Unknown,1408259,14890.27973,,,,,,,,marc@emoretech.com,2
juanjobote.com,Unknown,1571161,14846.12597,,,,,,,,juanjo@juanjobote.com,2
latonnara.it,Travel > Accommodation & Hotels,1835511,14826.6965,,,,,,,,info@latonnara.it,2
preciosbicicletas.es,Unknown,888499,14780.26112,,,,,,,,info@preciosbicicletas.es,2
unaibenito.com,Internet & Telecom > Online Marketing,1082338,14678.53965,Mo B. Marketing Online Bilbao,Spain,Bizkaia,Bilbao,,0 - 1M,10-Jan,unai@unaibenito.com,2
wowinternet.co.uk,Games > Video Games,1522186,14647.36522,WOW Internet,United Kingdom,West Midlands,B 18 6 BA,1215237214,1M - 10M,Oct-50,info@chillizone.com,2
merlotmommy.com,Unknown,1535246,14593.38071,Merlot Mommy,,,,,0 - 1M,10-Jan,jana@merlotmommy.com,2
mommywholovesgiveaways.net,Shopping,1005016,14573.80863,,,,,,,,shawna@mommywholovesgiveaways.net,2
nonaiswa.org,People & Society,1722675,14573.26195,,,,,,,,notraceability@nonaiswa.org,2
proyectosdesdecasa.com,Unknown,1396004,14547.42843,,,,,,,,info@proyectosdesdecasa.com,2
sportycious.com,Unknown,1129761,14513.71748,,,,,,,,webmaster@sportycious.com,2
casmccullough.com,Shopping,1638234,14302.20796,Casmccullough,Australia,QLD,Mount Crosby,438898706,1M - 10M,10-Jan,cas@casmccullough.com,2
higheredanalytics.com,Internet & Telecom,1460435,14285.30372,,,,,,,,karine@higheredanalytics.com,2
bobbyfinance.com,Unknown,1569735,14284.5761,,,,,,,,info@bobbyfinance.com,2
membership180.com,Business & Industry,863481,14266.43445,Membership 180,United States,SC,Greenville,,0 - 1M,10-Jan,jay@membership180.com,2
spectacledmarketer.com,Business & Industry > Marketing & Advertising,1517909,14052.68819,Spectacled Marketer,United States,NY,New York,,0 - 1M,10-Jan,tyrona@spectacledmarketer.com,2
entrepreneursunpluggd.com,Internet & Telecom > Social Network,1337961,14006.48479,Entrepreneurs Unpluggd,,,,,0 - 1M,10-Jan,christine@entrepreneursunpluggd.com,2
richardpatey.com,Internet & Telecom,1457964,13976.45967,Profit Is Good Ltd,United Kingdom,NR11PH,Norwich,,0 - 1M,10-Jan,richard@richardpatey.com,2
gintaropokalbiai.lt,People & Society,1304855,13962.92533,,,,,,,,mindaugas@gintaropokalbiai.lt,2
somernelson.com,Unknown,1022787,13940.03225,,,,,,,,somer@somernelson.com,2
huntinglife.com,Recreation & Hobbies > Outdoors,1689638,13837.28894,Hunting Life.com,United States,NE,Lincoln,,1M - 10M,Oct-50,kevin@huntinglife.com,2
marathonmtb.com,Sports > Cycling & Biking,1279322,13804.7522,,,,,,,,marathonmtb@marathonmtb.com,2
popper-shop.eu,Unknown,1232693,13746.7085,,,,,,,,info@popper-shop.eu,2
allaiyoor.com,Internet & Telecom,1717316,13728.2892,,,,,,,,info@allaiyoor.com,2
ddmsrealm.com,Games > Video Games,1661166,13659.29766,,,,,,,,webmaster@ddmsrealm.com,2
answeringservicecare.com,Business & Industry,757648,13648.42223,Answering Service Care,United States,FL,Margate,(800) 430-6511,,,sales@answeringservicecare.com,2
dotsauce.com,Internet & Telecom > Domain Names & Register,1576294,13617.56291,Dot Sauce Magazine,,,,,0 - 1M,10-Jan,mark@dotsauce.com,2
isidromigallon.com,Unknown,1706557,13571.85467,,,,,,,,isidro@isidromigallon.com,2
businessamongmoms.com,Business & Industry,1272289,13551.34082,Business Among Moms,,,,,0 - 1M,10-Jan,julie@businessamongmoms.com,2
healthylivingblogs.com,People & Society,1520948,13513.57766,,,,,,,,announcements@healthylivingblogs.com,2
businessrocks.co,Unknown,878924,13426.53991,,,,,,,,support@businessrocks.co,2
everestbusinessfunding.com,Unknown,1050485,13397.27767,Everest Business Funding,United States,FL,Doral,(877) 972-9104,1M - 10M,Oct-50,info@everestbusinessfunding.com,2
galaxynote3manual.com,Unknown,1433294,13330.55827,,,,,,,,support@galaxynote3manual.com,2
vivereinusa.com,Arts & Entertainment,1573586,13319.15841,,,,,,,,info@vivereinusa.com,2
rocketips.com,Unknown,1057742,13309.39354,,,,,,,,contact@rocketips.com,2
cygitsolutions.com,Internet & Telecom,909199,13274.52597,Core Global IT Solutions S.l.,Spain,Sevilla,Bollullos De La Mitacin,902888955,10M - 50M,50 - 200,info@cygitsolutions.com,2
commecom.nl,Internet & Telecom,1812548,13267.72853,Commecom,Netherlands,,Eindhoven,,0 - 1M,10-Jan,info@commecom.nl,2
protasker.com,Computer & Electronics > Software,1018280,13256.5601,Pro Tasker,United States,NJ,Middletown,732-706-5555,1M - 10M,Oct-50,info@protasker.com,2
ontesol.com,Career & Education > Education,1230962,13219.56267,,,,,,,,info@ontesol.com,2
thetravelchica.com,Travel > Tourism,1319068,13214.4206,On Sabbatical In Latin America,,,,,0 - 1M,10-Jan,stephanie@thetravelchica.com,2
thepanamanews.com,News & Media,1634848,13206.29571,,,,,,,,editor@thepanamanews.com,2
complexdiscovery.com,Internet & Telecom > Social Network,1693524,13190.73053,,,,,,,,wrrobinson@complexdiscovery.com,2
oddodesign.com,Internet & Telecom > Web Design,1634093,13165.16887,Oddo Design,United States,TX,Austin,,0 - 1M,10-Jan,tommy@oddodesign.com,2
thietbimamnonhavu.com,People & Society,1340997,13139.83503,,,,,,,,suppotr@thietbimamnonhavu.com,2
bassguitarmagazine.com,Arts & Entertainment > Music & Audio,1597495,13130.27786,,,,,,,,editor@bassguitarmagazine.com,2
brightnewt.com,Computer & Electronics > Software,1411807,13102.49685,Bright Newt,United States,TN,Knoxville,(615) 218-2033,,,info@brightnewt.com,2
billionsuccess.com,Business & Industry,1713091,13101.10754,Billion Success,,,,2038680818,0 - 1M,10-Jan,support@billionsuccess.com,2
planetbowl.ca,Sports,1340275,13046.07984,,,,,,,,info@planetbowl.ca,2
openworldmag.com,Unknown,1186744,12993.72896,,,,,,,,editor@openworldmag.com,2
vallecasdigital.com,Unknown,1439702,12957.8422,Vallecas Digital,Spain,Madrid,Madrid,,0 - 1M,10-Jan,info@vallecasdigital.com,2
ibd.com,Computer & Electronics > Software,1672836,12944.02131,,,,,,,,ibd@ibd.com,2
marsdorian.com,Internet & Telecom,1540577,12903.07493,,,,,,,,md@marsdorian.com,2
chevromist.com,Pets & Animals > Pets,1092310,12825.40289,,,,,,,,enquiries@chevromist.com,2
themommaven.com,Arts & Entertainment,1751050,12761.72414,Naos Bath & Body,United States,GA,Atlanta,,0 - 1M,10-Jan,info@themommaven.com,2
transfermyvideofiles.com,Unknown,1717240,12653.56034,,,,,,,,support@transfermyvideofiles.com,2
tekniksorular.com,Unknown,1840817,12573.77505,,,,,,,,info@tekniksorular.com,2
mejorleer.com,Unknown,0,12548.90697,,,,,,,,administrador@mejorleer.com,2
facesbydrt.com,Business & Industry,699398,12509.51991,TANSAVATDI COSMETIC & RECONSTRUCTIVE SURGERY Inc.,United States,CA,WESTLAKE VILLAGE,(877) 278-0280,1M - 10M,Oct-50,info@facesbydrt.com,2
monsterpiggybank.com,Finance > Banking,1755641,12436.49063,,,,,,,,glen@monsterpiggybank.com,2
vizualarchive.com,Computer & Electronics > Programming,1662316,12427.58058,,,,,,,,info@vizualarchive.com,2
gugleando.com,Unknown,1827005,12385.71102,,,,,,,,pumarola@gugleando.com,2
davidsuarez.es,Career & Education > Education,1900915,12385.08754,,,,,,,,webmaster@davidsuarez.es,2
zenspirations.com,People & Society > Religion & Spirituality,1383129,12384.06449,,,,,,,,joanne@zenspirations.com,2
bluemind.tv,Unknown,1908788,12170.52937,,,,,,,,info@bluemind.tv,2
onlypenang.com,Food & Drink > Restaurants & Delivery,1804879,12080.63769,,,,,,,,info@onlypenang.com,2
shemekabrathwaite.com,Unknown,1023063,12077.23451,,,,,,,,info@shemekabrathwaite.com,2
pastmasterblogger.com,Unknown,778669,12071.58007,,,,,,,,info@pastmasterblogger.com,2
wpcrunchy.com,Internet & Telecom,1580525,12059.28658,,,,,,,,support@wpcrunchy.com,2
findnursingschools.com,Health,925573,12041.08545,,,,,,,,info@findnursingschools.com,2
educationandbehavior.com,Unknown,1740509,12024.49338,,,,,,,,wisebehavior@educationandbehavior.com,2
lateamdigitale.com,Unknown,1411037,11948.52753,,,,,,,,contact@lateamdigitale.com,2
greiche-scaff.com,Business & Industry,1190063,11885.7472,Greiche & Scaff,,,,,0 - 1M,10-Jan,marketing@greiche-scaff.com,2
gasagasa.com,Unknown,1362566,11870.74652,Gasa Gasa,United States,LA,New Orleans,(504) 304-7110,1M - 10M,Oct-50,miketwillmann@gasagasa.com,2
powersites.com,Internet & Telecom,1593107,11864.14085,,,,,,,,customerservice@powersites.com,2
ripenn.com,Unknown,1455143,11757.9692,Ripenn,,,,,0 - 1M,10-Jan,hello@ripenn.com,2
narutocontactlenses.com,Health > Products & Shopping,1560788,11753.07578,,,,,,,,hello@narutocontactlenses.com,2
marissabracke.com,Business & Industry,1807420,11670.28045,Can Do Ology,United States,IN,Ossian,,0 - 1M,10-Jan,marissa@marissabracke.com,2
jetsetera.net,Travel > Tourism,1427123,11567.8123,Jetsetera.net,,,,,0 - 1M,10-Jan,info@jetsetera.net,2
versatilehealth.com,Health,1903978,11474.55075,,,,,,,,joey@versatilehealth.com,2
mladenstojanovic.net,Business & Industry,1874110,11453.59917,,,,,,,,mladen@mladenstojanovic.net,2
kevinkauzlaric.com,Business & Industry,1778533,11415.18263,,,,,,,,kevin@kevinkauzlaric.com,2
blog.gogrid.com,Unknown,0,11369.68644,Go Grid,United States,CA,San Francisco,415.869.7444,10M - 50M,50 - 200,info@gogrid.com,2
thewoventalepress.net,Unknown,2099828,11360.90905,,,,,,,,editor@thewoventalepress.net,2
piercing-shops.net,Unknown,1946416,11342.3751,,,,,,,,jack@piercing-shops.net,2
atlantapressclub.org,News & Media,1650004,11338.20298,Atlanta Press Club,United States,GA,Atlanta,(404) 577-7377,0 - 1M,10-Jan,info@atlantapressclub.org,2
mzahidtravel.com,Travel > Tourism,1419581,11320.36058,,,,,,,,info@mzahidtravel.com,2
les-yeux-du-monde.fr,People & Society,1858281,11279.88408,,,,,,,,admin@les-yeux-du-monde.fr,2
spiritsconnect.com,People & Society,1162505,11217.85435,,,,,,,,info@spiritsconnect.com,2
triberocket.com,Unknown,1490496,11124.41401,"Tribe Rocket, LLC",,,,,0 - 1M,10-Jan,james@triberocket.com,2
dyraz.com,Internet & Telecom > Email,1128060,11106.32664,,,,,,,,contacto@dyraz.com,2
spaghettitraveller.com,Travel > Tourism,1992372,11097.87117,,,,,,,,tom@spaghettitraveller.com,2
accessibletemplate.com,Internet & Telecom,1318556,11088.8943,,,,,,,,info@accessibletemplate.com,2
salesassist.eu,Computer & Electronics > Software,973924,11069.42156,Sales Assist,,,,,1M - 10M,Oct-50,office@salesassist.eu,2
ipostbit.com,Unknown,1664344,11018.34928,,,,,,,,contact@ipostbit.com,2
groenerekenkamer.nl,People & Society,1724675,10991.16867,Stichting De Groene Rekenkamer,Netherlands,,APELDOORN,,0 - 1M,10-Jan,kantoor@groenerekenkamer.nl,2
myjourneytomillions.com,Finance > Financial Management,1995255,10988.27202,My Journey To Millions,,,,,,,myjourney@myjourneytomillions.com,2
travelita.ch,Business & Industry,1833673,10975.35445,,,,,,,,anita@travelita.ch,2
the7gracesofmarketing.com,Business & Industry > Marketing & Advertising,1856013,10965.23366,The 7 Graces Project CIC,,,,,0 - 1M,10-Jan,lynn@the7gracesofmarketing.com,2
nomadbiba.com,Arts & Entertainment,1473306,10928.13149,,,,,,,,bianca@nomadbiba.com,2
liveandsocial.com,People & Society,940487,10897.37735,Live And Social,United Kingdom,"Kent,",Maidstone,2032862306,0 - 1M,10-Jan,alive@liveandsocial.com,2
pintalk.net,Arts & Entertainment > Music & Audio,1809768,10883.08545,,,,,,,,pinner@pintalk.net,2
thanhthai.org,Unknown,1699864,10829.40878,,,,,,,,conntact@thanhthai.org,2
workinghorsemagazine.com,Sports > Equestrian,1472388,10757.76129,,,,,,,,chuck@workinghorsemagazine.com,2
remre.net,Unknown,1698398,10692.37058,,,,,,,,hotro@remre.net,2
jeremystatton.com,People & Society,2026611,10637.64523,,,,,,,,js@jeremystatton.com,2
nextprinciples.com,Shopping,957800,10622.5338,Next Principles,United States,CA,Milpitas,+1 650 810 7090,0 - 1M,10-Jan,info@nextprinciples.com,2
circular-calendar.com,Unknown,1640743,10621.47594,,,,,,,,info@circular-calendar.com,2
hi5sms.in,Internet & Telecom > Mobile Developers,2137963,10596.3342,,,,,,,,request@hi5sms.in,2
angryblackladychronicles.com,Adult,2150242,10583.49989,,,,,,,,stopthemadness@angryblackladychronicles.com,2
seosaves.co.uk,Unknown,1939828,10559.06041,Dcuttridge,,,,,1M - 10M,10-Jan,daniel.cuttridge@seosaves.co.uk,2
iainbroome.com,People & Society,2019852,10518.31341,,,,,,,,hello@iainbroome.com,2
chordblossom.com,Arts & Entertainment > Music & Audio,1880760,10503.09278,Chordblossom,,,,,10M - 50M,50 - 200,info@chordblossom.com,2